商品コード,商品名,商品名（前）,サイズ,商品+サイズ,カテゴリ,販売定価,消費税込み,FC卸,FC利益,FC利益率,FC原価率,在庫数,商品画像,期,商品名+サイズ+期,商品名+期,商品名+期 (1),親レコード
,【完成プラン】ネックレス黒_45㌢,ネックレス黒,ネックレス45㌢,ネックレス黒_ネックレス45㌢,アクセサリー,3600,"¥3,960",1080,"¥2,520",70%,30%,,,0期,ネックレス黒_ネックレス45㌢_0期,【完成プラン】ネックレス黒_45㌢+0期,【完成プラン】ネックレス黒_45㌢+0期,
,【製造プラン】ネックレス黒_45㌢,ネックレス黒,ネックレス45㌢,ネックレス黒_ネックレス45㌢,アクセサリー,3600,"¥3,960",980,"¥2,620",73%,27%,,,0期,ネックレス黒_ネックレス45㌢_0期,【製造プラン】ネックレス黒_45㌢+0期,【製造プラン】ネックレス黒_45㌢+0期,
,【完成プラン】ネックレス黒_50㌢,ネックレス黒,ネックレス50㌢,ネックレス黒_ネックレス50㌢,アクセサリー,3600,"¥3,960",1080,"¥2,520",70%,30%,,,0期,ネックレス黒_ネックレス50㌢_0期,【完成プラン】ネックレス黒_50㌢+0期,【完成プラン】ネックレス黒_50㌢+0期,
,【製造プラン】ネックレス黒_50㌢,ネックレス黒,ネックレス50㌢,ネックレス黒_ネックレス50㌢,アクセサリー,3600,"¥3,960",980,"¥2,620",73%,27%,,,0期,ネックレス黒_ネックレス50㌢_0期,【製造プラン】ネックレス黒_50㌢+0期,【製造プラン】ネックレス黒_50㌢+0期,
,【完成プラン】ネックレス黒_60㌢,ネックレス黒,ネックレス60㌢,ネックレス黒_ネックレス60㌢,アクセサリー,3800,"¥4,180",1141,"¥2,659",70%,30%,,,0期,ネックレス黒_ネックレス60㌢_0期,【完成プラン】ネックレス黒_60㌢+0期,【完成プラン】ネックレス黒_60㌢+0期,
,【製造プラン】ネックレス黒_60㌢,ネックレス黒,ネックレス60㌢,ネックレス黒_ネックレス60㌢,アクセサリー,3800,"¥4,180",1041,"¥2,759",73%,27%,,,0期,ネックレス黒_ネックレス60㌢_0期,【製造プラン】ネックレス黒_60㌢+0期,【製造プラン】ネックレス黒_60㌢+0期,
,【完成プラン】ネックレス黒_45㌢,ネックレス黒,ネックレス45㌢,ネックレス黒_ネックレス45㌢,アクセサリー,3600,"¥3,960",1260,"¥2,340",65%,35%,,,0.5期,ネックレス黒_ネックレス45㌢_0.5期,【完成プラン】ネックレス黒_45㌢+0.5期,【完成プラン】ネックレス黒_45㌢+0.5期,
,【製造プラン】ネックレス黒_45㌢,ネックレス黒,ネックレス45㌢,ネックレス黒_ネックレス45㌢,アクセサリー,3600,"¥3,960",1160,"¥2,440",68%,32%,,,0.5期,ネックレス黒_ネックレス45㌢_0.5期,【製造プラン】ネックレス黒_45㌢+0.5期,【製造プラン】ネックレス黒_45㌢+0.5期,
,【完成プラン】ネックレス黒_50㌢,ネックレス黒,ネックレス50㌢,ネックレス黒_ネックレス50㌢,アクセサリー,3600,"¥3,960",1260,"¥2,340",65%,35%,,,0.5期,ネックレス黒_ネックレス50㌢_0.5期,【完成プラン】ネックレス黒_50㌢+0.5期,【完成プラン】ネックレス黒_50㌢+0.5期,
,【製造プラン】ネックレス黒_50㌢,ネックレス黒,ネックレス50㌢,ネックレス黒_ネックレス50㌢,アクセサリー,3600,"¥3,960",1160,"¥2,440",68%,32%,,,0.5期,ネックレス黒_ネックレス50㌢_0.5期,【製造プラン】ネックレス黒_50㌢+0.5期,【製造プラン】ネックレス黒_50㌢+0.5期,
,【完成プラン】ネックレス黒_60㌢,ネックレス黒,ネックレス60㌢,ネックレス黒_ネックレス60㌢,アクセサリー,3800,"¥4,180",1331,"¥2,469",65%,35%,,,0.5期,ネックレス黒_ネックレス60㌢_0.5期,【完成プラン】ネックレス黒_60㌢+0.5期,【完成プラン】ネックレス黒_60㌢+0.5期,
,【製造プラン】ネックレス黒_60㌢,ネックレス黒,ネックレス60㌢,ネックレス黒_ネックレス60㌢,アクセサリー,3800,"¥4,180",1231,"¥2,569",68%,32%,,,0.5期,ネックレス黒_ネックレス60㌢_0.5期,【製造プラン】ネックレス黒_60㌢+0.5期,【製造プラン】ネックレス黒_60㌢+0.5期,
,【完成プラン】ネックレス透_45㌢,ネックレス透,ネックレス45㌢,ネックレス透_ネックレス45㌢,アクセサリー,3900,"¥4,290",1171,"¥2,729",70%,30%,,,0期,ネックレス透_ネックレス45㌢_0期,【完成プラン】ネックレス透_45㌢+0期,【完成プラン】ネックレス透_45㌢+0期,
,【製造プラン】ネックレス透_45㌢,ネックレス透,ネックレス45㌢,ネックレス透_ネックレス45㌢,アクセサリー,3900,"¥4,290",1071,"¥2,829",73%,27%,,,0期,ネックレス透_ネックレス45㌢_0期,【製造プラン】ネックレス透_45㌢+0期,【製造プラン】ネックレス透_45㌢+0期,
,【完成プラン】ネックレス透_50㌢,ネックレス透,ネックレス50㌢,ネックレス透_ネックレス50㌢,アクセサリー,3900,"¥4,290",1171,"¥2,729",70%,30%,,,0期,ネックレス透_ネックレス50㌢_0期,【完成プラン】ネックレス透_50㌢+0期,【完成プラン】ネックレス透_50㌢+0期,
,【製造プラン】ネックレス透_50㌢,ネックレス透,ネックレス50㌢,ネックレス透_ネックレス50㌢,アクセサリー,3900,"¥4,290",1071,"¥2,829",73%,27%,,,0期,ネックレス透_ネックレス50㌢_0期,【製造プラン】ネックレス透_50㌢+0期,【製造プラン】ネックレス透_50㌢+0期,
,【完成プラン】ネックレス透_60㌢,ネックレス透,ネックレス60㌢,ネックレス透_ネックレス60㌢,アクセサリー,4100,"¥4,510",1229,"¥2,871",70%,30%,,,0期,ネックレス透_ネックレス60㌢_0期,【完成プラン】ネックレス透_60㌢+0期,【完成プラン】ネックレス透_60㌢+0期,
,【製造プラン】ネックレス透_60㌢,ネックレス透,ネックレス60㌢,ネックレス透_ネックレス60㌢,アクセサリー,4100,"¥4,510",1129,"¥2,971",72%,28%,,,0期,ネックレス透_ネックレス60㌢_0期,【製造プラン】ネックレス透_60㌢+0期,【製造プラン】ネックレス透_60㌢+0期,
,【完成プラン】ネックレス透_45㌢,ネックレス透,ネックレス45㌢,ネックレス透_ネックレス45㌢,アクセサリー,3900,"¥4,290",1366,"¥2,534",65%,35%,,,0.5期,ネックレス透_ネックレス45㌢_0.5期,【完成プラン】ネックレス透_45㌢+0.5期,【完成プラン】ネックレス透_45㌢+0.5期,
,【製造プラン】ネックレス透_45㌢,ネックレス透,ネックレス45㌢,ネックレス透_ネックレス45㌢,アクセサリー,3900,"¥4,290",1266,"¥2,634",68%,32%,,,0.5期,ネックレス透_ネックレス45㌢_0.5期,【製造プラン】ネックレス透_45㌢+0.5期,【製造プラン】ネックレス透_45㌢+0.5期,
,【完成プラン】ネックレス透_50㌢,ネックレス透,ネックレス50㌢,ネックレス透_ネックレス50㌢,アクセサリー,3900,"¥4,290",1366,"¥2,534",65%,35%,,,0.5期,ネックレス透_ネックレス50㌢_0.5期,【完成プラン】ネックレス透_50㌢+0.5期,【完成プラン】ネックレス透_50㌢+0.5期,
,【製造プラン】ネックレス透_50㌢,ネックレス透,ネックレス50㌢,ネックレス透_ネックレス50㌢,アクセサリー,3900,"¥4,290",1266,"¥2,634",68%,32%,,,0.5期,ネックレス透_ネックレス50㌢_0.5期,【製造プラン】ネックレス透_50㌢+0.5期,【製造プラン】ネックレス透_50㌢+0.5期,
,【完成プラン】ネックレス透_60㌢,ネックレス透,ネックレス60㌢,ネックレス透_ネックレス60㌢,アクセサリー,4100,"¥4,510",1434,"¥2,666",65%,35%,,,0.5期,ネックレス透_ネックレス60㌢_0.5期,【完成プラン】ネックレス透_60㌢+0.5期,【完成プラン】ネックレス透_60㌢+0.5期,
,【製造プラン】ネックレス透_60㌢,ネックレス透,ネックレス60㌢,ネックレス透_ネックレス60㌢,アクセサリー,4100,"¥4,510",1334,"¥2,766",67%,33%,,,0.5期,ネックレス透_ネックレス60㌢_0.5期,【製造プラン】ネックレス透_60㌢+0.5期,【製造プラン】ネックレス透_60㌢+0.5期,
,【完成プラン】ネックレス赤_45㌢,ネックレス赤,ネックレス45㌢,ネックレス赤_ネックレス45㌢,アクセサリー,5500,"¥6,050",1692,"¥3,808",69%,31%,,,0期,ネックレス赤_ネックレス45㌢_0期,【完成プラン】ネックレス赤_45㌢+0期,【完成プラン】ネックレス赤_45㌢+0期,
,【製造プラン】ネックレス赤_45㌢,ネックレス赤,ネックレス45㌢,ネックレス赤_ネックレス45㌢,アクセサリー,5500,"¥6,050",1592,"¥3,908",71%,29%,,,0期,ネックレス赤_ネックレス45㌢_0期,【製造プラン】ネックレス赤_45㌢+0期,【製造プラン】ネックレス赤_45㌢+0期,
,【完成プラン】ネックレス赤_50㌢,ネックレス赤,ネックレス50㌢,ネックレス赤_ネックレス50㌢,アクセサリー,5500,"¥6,050",1692,"¥3,808",69%,31%,,,0期,ネックレス赤_ネックレス50㌢_0期,【完成プラン】ネックレス赤_50㌢+0期,【完成プラン】ネックレス赤_50㌢+0期,
,【製造プラン】ネックレス赤_50㌢,ネックレス赤,ネックレス50㌢,ネックレス赤_ネックレス50㌢,アクセサリー,5500,"¥6,050",1592,"¥3,908",71%,29%,,,0期,ネックレス赤_ネックレス50㌢_0期,【製造プラン】ネックレス赤_50㌢+0期,【製造プラン】ネックレス赤_50㌢+0期,
,【完成プラン】ネックレス赤_60㌢,ネックレス赤,ネックレス60㌢,ネックレス赤_ネックレス60㌢,アクセサリー,5800,"¥6,380",1774,"¥4,026",69%,31%,,,0期,ネックレス赤_ネックレス60㌢_0期,【完成プラン】ネックレス赤_60㌢+0期,【完成プラン】ネックレス赤_60㌢+0期,
,【製造プラン】ネックレス赤_60㌢,ネックレス赤,ネックレス60㌢,ネックレス赤_ネックレス60㌢,アクセサリー,5800,"¥6,380",1674,"¥4,126",71%,29%,,,0期,ネックレス赤_ネックレス60㌢_0期,【製造プラン】ネックレス赤_60㌢+0期,【製造プラン】ネックレス赤_60㌢+0期,
,【完成プラン】ネックレス赤_45㌢,ネックレス赤,ネックレス45㌢,ネックレス赤_ネックレス45㌢,アクセサリー,5500,"¥6,050",1967,"¥3,533",64%,36%,,,0.5期,ネックレス赤_ネックレス45㌢_0.5期,【完成プラン】ネックレス赤_45㌢+0.5期,【完成プラン】ネックレス赤_45㌢+0.5期,
,【製造プラン】ネックレス赤_45㌢,ネックレス赤,ネックレス45㌢,ネックレス赤_ネックレス45㌢,アクセサリー,5500,"¥6,050",1867,"¥3,633",66%,34%,,,0.5期,ネックレス赤_ネックレス45㌢_0.5期,【製造プラン】ネックレス赤_45㌢+0.5期,【製造プラン】ネックレス赤_45㌢+0.5期,
,【完成プラン】ネックレス赤_50㌢,ネックレス赤,ネックレス50㌢,ネックレス赤_ネックレス50㌢,アクセサリー,5500,"¥6,050",1967,"¥3,533",64%,36%,,,0.5期,ネックレス赤_ネックレス50㌢_0.5期,【完成プラン】ネックレス赤_50㌢+0.5期,【完成プラン】ネックレス赤_50㌢+0.5期,
,【製造プラン】ネックレス赤_50㌢,ネックレス赤,ネックレス50㌢,ネックレス赤_ネックレス50㌢,アクセサリー,5500,"¥6,050",1867,"¥3,633",66%,34%,,,0.5期,ネックレス赤_ネックレス50㌢_0.5期,【製造プラン】ネックレス赤_50㌢+0.5期,【製造プラン】ネックレス赤_50㌢+0.5期,
,【完成プラン】ネックレス赤_60㌢,ネックレス赤,ネックレス60㌢,ネックレス赤_ネックレス60㌢,アクセサリー,5800,"¥6,380",2064,"¥3,736",64%,36%,,,0.5期,ネックレス赤_ネックレス60㌢_0.5期,【完成プラン】ネックレス赤_60㌢+0.5期,【完成プラン】ネックレス赤_60㌢+0.5期,
,【製造プラン】ネックレス赤_60㌢,ネックレス赤,ネックレス60㌢,ネックレス赤_ネックレス60㌢,アクセサリー,5800,"¥6,380",1964,"¥3,836",66%,34%,,,0.5期,ネックレス赤_ネックレス60㌢_0.5期,【製造プラン】ネックレス赤_60㌢+0.5期,【製造プラン】ネックレス赤_60㌢+0.5期,
,【完成プラン】ネックレス青_45㌢,ネックレス青,ネックレス45㌢,ネックレス青_ネックレス45㌢,アクセサリー,5500,"¥6,050",1692,"¥3,808",69%,31%,,,0期,ネックレス青_ネックレス45㌢_0期,【完成プラン】ネックレス青_45㌢+0期,【完成プラン】ネックレス青_45㌢+0期,
,【製造プラン】ネックレス青_45㌢,ネックレス青,ネックレス45㌢,ネックレス青_ネックレス45㌢,アクセサリー,5500,"¥6,050",1592,"¥3,908",71%,29%,,,0期,ネックレス青_ネックレス45㌢_0期,【製造プラン】ネックレス青_45㌢+0期,【製造プラン】ネックレス青_45㌢+0期,
,【完成プラン】ネックレス青_50㌢,ネックレス青,ネックレス50㌢,ネックレス青_ネックレス50㌢,アクセサリー,5500,"¥6,050",1692,"¥3,808",69%,31%,,,0期,ネックレス青_ネックレス50㌢_0期,【完成プラン】ネックレス青_50㌢+0期,【完成プラン】ネックレス青_50㌢+0期,
,【製造プラン】ネックレス青_50㌢,ネックレス青,ネックレス50㌢,ネックレス青_ネックレス50㌢,アクセサリー,5500,"¥6,050",1592,"¥3,908",71%,29%,,,0期,ネックレス青_ネックレス50㌢_0期,【製造プラン】ネックレス青_50㌢+0期,【製造プラン】ネックレス青_50㌢+0期,
,【完成プラン】ネックレス青_60㌢,ネックレス青,ネックレス60㌢,ネックレス青_ネックレス60㌢,アクセサリー,5800,"¥6,380",1774,"¥4,026",69%,31%,,,0期,ネックレス青_ネックレス60㌢_0期,【完成プラン】ネックレス青_60㌢+0期,【完成プラン】ネックレス青_60㌢+0期,
,【製造プラン】ネックレス青_60㌢,ネックレス青,ネックレス60㌢,ネックレス青_ネックレス60㌢,アクセサリー,5800,"¥6,380",1674,"¥4,126",71%,29%,,,0期,ネックレス青_ネックレス60㌢_0期,【製造プラン】ネックレス青_60㌢+0期,【製造プラン】ネックレス青_60㌢+0期,
,【完成プラン】ネックレス青_45㌢,ネックレス青,ネックレス45㌢,ネックレス青_ネックレス45㌢,アクセサリー,5500,"¥6,050",1967,"¥3,533",64%,36%,,,0.5期,ネックレス青_ネックレス45㌢_0.5期,【完成プラン】ネックレス青_45㌢+0.5期,【完成プラン】ネックレス青_45㌢+0.5期,
,【製造プラン】ネックレス青_45㌢,ネックレス青,ネックレス45㌢,ネックレス青_ネックレス45㌢,アクセサリー,5500,"¥6,050",1867,"¥3,633",66%,34%,,,0.5期,ネックレス青_ネックレス45㌢_0.5期,【製造プラン】ネックレス青_45㌢+0.5期,【製造プラン】ネックレス青_45㌢+0.5期,
,【完成プラン】ネックレス青_50㌢,ネックレス青,ネックレス50㌢,ネックレス青_ネックレス50㌢,アクセサリー,5500,"¥6,050",1967,"¥3,533",64%,36%,,,0.5期,ネックレス青_ネックレス50㌢_0.5期,【完成プラン】ネックレス青_50㌢+0.5期,【完成プラン】ネックレス青_50㌢+0.5期,
,【製造プラン】ネックレス青_50㌢,ネックレス青,ネックレス50㌢,ネックレス青_ネックレス50㌢,アクセサリー,5500,"¥6,050",1867,"¥3,633",66%,34%,,,0.5期,ネックレス青_ネックレス50㌢_0.5期,【製造プラン】ネックレス青_50㌢+0.5期,【製造プラン】ネックレス青_50㌢+0.5期,
,【完成プラン】ネックレス青_60㌢,ネックレス青,ネックレス60㌢,ネックレス青_ネックレス60㌢,アクセサリー,5800,"¥6,380",2064,"¥3,736",64%,36%,,,0.5期,ネックレス青_ネックレス60㌢_0.5期,【完成プラン】ネックレス青_60㌢+0.5期,【完成プラン】ネックレス青_60㌢+0.5期,
,【製造プラン】ネックレス青_60㌢,ネックレス青,ネックレス60㌢,ネックレス青_ネックレス60㌢,アクセサリー,5800,"¥6,380",1964,"¥3,836",66%,34%,,,0.5期,ネックレス青_ネックレス60㌢_0.5期,【製造プラン】ネックレス青_60㌢+0.5期,【製造プラン】ネックレス青_60㌢+0.5期,
,ブレスレット黒_S 内周14㌢,ブレスレット黒,ブレスレットS 内周14㌢,ブレスレット黒_ブレスレットS 内周14㌢,アクセサリー,3600,"¥3,960",1080,"¥2,520",70%,30%,,,0期,ブレスレット黒_ブレスレットS 内周14㌢_0期,ブレスレット黒_S 内周14㌢+0期,ブレスレット黒_S 内周14㌢+0期,
,ブレスレット黒_M 内周15.5㌢,ブレスレット黒,ブレスレットM 内周15.5㌢,ブレスレット黒_ブレスレットM 内周15.5㌢,アクセサリー,3600,"¥3,960",1080,"¥2,520",70%,30%,,,0期,ブレスレット黒_ブレスレットM 内周15.5㌢_0期,ブレスレット黒_M 内周15.5㌢+0期,ブレスレット黒_M 内周15.5㌢+0期,
,ブレスレット黒_L 内周17㌢,ブレスレット黒,ブレスレットL 内周17㌢,ブレスレット黒_ブレスレットL 内周17㌢,アクセサリー,3600,"¥3,960",1080,"¥2,520",70%,30%,,,0期,ブレスレット黒_ブレスレットL 内周17㌢_0期,ブレスレット黒_L 内周17㌢+0期,ブレスレット黒_L 内周17㌢+0期,
,ブレスレット黒_XL 内周18㌢,ブレスレット黒,ブレスレットXL 内周18㌢,ブレスレット黒_ブレスレットXL 内周18㌢,アクセサリー,3600,"¥3,960",1080,"¥2,520",70%,30%,,,0期,ブレスレット黒_ブレスレットXL 内周18㌢_0期,ブレスレット黒_XL 内周18㌢+0期,ブレスレット黒_XL 内周18㌢+0期,
,ブレスレット黒_S 内周14㌢,ブレスレット黒,ブレスレットS 内周14㌢,ブレスレット黒_ブレスレットS 内周14㌢,アクセサリー,3600,"¥3,960",1260,"¥2,340",65%,35%,,,0.5期,ブレスレット黒_ブレスレットS 内周14㌢_0.5期,ブレスレット黒_S 内周14㌢+0.5期,ブレスレット黒_S 内周14㌢+0.5期,
,ブレスレット黒_M 内周15.5㌢,ブレスレット黒,ブレスレットM 内周15.5㌢,ブレスレット黒_ブレスレットM 内周15.5㌢,アクセサリー,3600,"¥3,960",1260,"¥2,340",65%,35%,,,0.5期,ブレスレット黒_ブレスレットM 内周15.5㌢_0.5期,ブレスレット黒_M 内周15.5㌢+0.5期,ブレスレット黒_M 内周15.5㌢+0.5期,
,ブレスレット黒_L 内周17㌢,ブレスレット黒,ブレスレットL 内周17㌢,ブレスレット黒_ブレスレットL 内周17㌢,アクセサリー,3600,"¥3,960",1260,"¥2,340",65%,35%,,,0.5期,ブレスレット黒_ブレスレットL 内周17㌢_0.5期,ブレスレット黒_L 内周17㌢+0.5期,ブレスレット黒_L 内周17㌢+0.5期,
,ブレスレット黒_XL 内周18㌢,ブレスレット黒,ブレスレットXL 内周18㌢,ブレスレット黒_ブレスレットXL 内周18㌢,アクセサリー,3600,"¥3,960",1260,"¥2,340",65%,35%,,,0.5期,ブレスレット黒_ブレスレットXL 内周18㌢_0.5期,ブレスレット黒_XL 内周18㌢+0.5期,ブレスレット黒_XL 内周18㌢+0.5期,
,アンクレット黒_S 内周18㌢,アンクレット黒,アンクレットS　内周18㌢,アンクレット黒_アンクレットS　内周18㌢,アクセサリー,3600,"¥3,960",1080,"¥2,520",70%,30%,,,0期,アンクレット黒_アンクレットS　内周18㌢_0期,アンクレット黒_S 内周18㌢+0期,アンクレット黒_S 内周18㌢+0期,
,アンクレット黒_M 内周21㌢,アンクレット黒,アンクレットM　内周21㌢,アンクレット黒_アンクレットM　内周21㌢,アクセサリー,3600,"¥3,960",1080,"¥2,520",70%,30%,,,0期,アンクレット黒_アンクレットM　内周21㌢_0期,アンクレット黒_M 内周21㌢+0期,アンクレット黒_M 内周21㌢+0期,
,アンクレット黒_L 内周22㌢,アンクレット黒,アンクレットL　内周22㌢,アンクレット黒_アンクレットL　内周22㌢,アクセサリー,3600,"¥3,960",1080,"¥2,520",70%,30%,,,0期,アンクレット黒_アンクレットL　内周22㌢_0期,アンクレット黒_L 内周22㌢+0期,アンクレット黒_L 内周22㌢+0期,
,アンクレット黒_XL 内周25㌢,アンクレット黒,アンクレットXL　内周25㌢,アンクレット黒_アンクレットXL　内周25㌢,アクセサリー,3600,"¥3,960",1080,"¥2,520",70%,30%,,,0期,アンクレット黒_アンクレットXL　内周25㌢_0期,アンクレット黒_XL 内周25㌢+0期,アンクレット黒_XL 内周25㌢+0期,
,アンクレット黒_S 内周18㌢,アンクレット黒,アンクレットS　内周18㌢,アンクレット黒_アンクレットS　内周18㌢,アクセサリー,3600,"¥3,960",1260,"¥2,340",65%,35%,,,0.5期,アンクレット黒_アンクレットS　内周18㌢_0.5期,アンクレット黒_S 内周18㌢+0.5期,アンクレット黒_S 内周18㌢+0.5期,
,アンクレット黒_M 内周21㌢,アンクレット黒,アンクレットM　内周21㌢,アンクレット黒_アンクレットM　内周21㌢,アクセサリー,3600,"¥3,960",1260,"¥2,340",65%,35%,,,0.5期,アンクレット黒_アンクレットM　内周21㌢_0.5期,アンクレット黒_M 内周21㌢+0.5期,アンクレット黒_M 内周21㌢+0.5期,
,アンクレット黒_L 内周22㌢,アンクレット黒,アンクレットL　内周22㌢,アンクレット黒_アンクレットL　内周22㌢,アクセサリー,3600,"¥3,960",1260,"¥2,340",65%,35%,,,0.5期,アンクレット黒_アンクレットL　内周22㌢_0.5期,アンクレット黒_L 内周22㌢+0.5期,アンクレット黒_L 内周22㌢+0.5期,
,アンクレット黒_XL 内周25㌢,アンクレット黒,アンクレットXL　内周25㌢,アンクレット黒_アンクレットXL　内周25㌢,アクセサリー,3600,"¥3,960",1260,"¥2,340",65%,35%,,,0.5期,アンクレット黒_アンクレットXL　内周25㌢_0.5期,アンクレット黒_XL 内周25㌢+0.5期,アンクレット黒_XL 内周25㌢+0.5期,
,ブレスレット透_S 内周14㌢,ブレスレット透,ブレスレットS 内周14㌢,ブレスレット透_ブレスレットS 内周14㌢,アクセサリー,3900,"¥4,290",1171,"¥2,729",70%,30%,,,0期,ブレスレット透_ブレスレットS 内周14㌢_0期,ブレスレット透_S 内周14㌢+0期,ブレスレット透_S 内周14㌢+0期,
,ブレスレット透_M 内周15.5㌢,ブレスレット透,ブレスレットM 内周15.5㌢,ブレスレット透_ブレスレットM 内周15.5㌢,アクセサリー,3900,"¥4,290",1171,"¥2,729",70%,30%,,,0期,ブレスレット透_ブレスレットM 内周15.5㌢_0期,ブレスレット透_M 内周15.5㌢+0期,ブレスレット透_M 内周15.5㌢+0期,
,ブレスレット透_L 内周17㌢,ブレスレット透,ブレスレットL 内周17㌢,ブレスレット透_ブレスレットL 内周17㌢,アクセサリー,3900,"¥4,290",1171,"¥2,729",70%,30%,,,0期,ブレスレット透_ブレスレットL 内周17㌢_0期,ブレスレット透_L 内周17㌢+0期,ブレスレット透_L 内周17㌢+0期,
,ブレスレット透_XL 内周18㌢,ブレスレット透,ブレスレットXL 内周18㌢,ブレスレット透_ブレスレットXL 内周18㌢,アクセサリー,3900,"¥4,290",1171,"¥2,729",70%,30%,,,0期,ブレスレット透_ブレスレットXL 内周18㌢_0期,ブレスレット透_XL 内周18㌢+0期,ブレスレット透_XL 内周18㌢+0期,
,ブレスレット透_S 内周14㌢,ブレスレット透,ブレスレットS 内周14㌢,ブレスレット透_ブレスレットS 内周14㌢,アクセサリー,3900,"¥4,290",1366,"¥2,534",65%,35%,,,0.5期,ブレスレット透_ブレスレットS 内周14㌢_0.5期,ブレスレット透_S 内周14㌢+0.5期,ブレスレット透_S 内周14㌢+0.5期,
,ブレスレット透_M 内周15.5㌢,ブレスレット透,ブレスレットM 内周15.5㌢,ブレスレット透_ブレスレットM 内周15.5㌢,アクセサリー,3900,"¥4,290",1366,"¥2,534",65%,35%,,,0.5期,ブレスレット透_ブレスレットM 内周15.5㌢_0.5期,ブレスレット透_M 内周15.5㌢+0.5期,ブレスレット透_M 内周15.5㌢+0.5期,
,ブレスレット透_L 内周17㌢,ブレスレット透,ブレスレットL 内周17㌢,ブレスレット透_ブレスレットL 内周17㌢,アクセサリー,3900,"¥4,290",1366,"¥2,534",65%,35%,,,0.5期,ブレスレット透_ブレスレットL 内周17㌢_0.5期,ブレスレット透_L 内周17㌢+0.5期,ブレスレット透_L 内周17㌢+0.5期,
,ブレスレット透_XL 内周18㌢,ブレスレット透,ブレスレットXL 内周18㌢,ブレスレット透_ブレスレットXL 内周18㌢,アクセサリー,3900,"¥4,290",1366,"¥2,534",65%,35%,,,0.5期,ブレスレット透_ブレスレットXL 内周18㌢_0.5期,ブレスレット透_XL 内周18㌢+0.5期,ブレスレット透_XL 内周18㌢+0.5期,
,アンクレット透_S　内周18㌢,アンクレット透,アンクレットS　内周18㌢,アンクレット透_アンクレットS　内周18㌢,アクセサリー,3900,"¥4,290",1171,"¥2,729",70%,30%,,,0期,アンクレット透_アンクレットS　内周18㌢_0期,アンクレット透_S　内周18㌢+0期,アンクレット透_S　内周18㌢+0期,
,アンクレット透_M 内周21㌢,アンクレット透,アンクレットM　内周21㌢,アンクレット透_アンクレットM　内周21㌢,アクセサリー,3900,"¥4,290",1171,"¥2,729",70%,30%,,,0期,アンクレット透_アンクレットM　内周21㌢_0期,アンクレット透_M 内周21㌢+0期,アンクレット透_M 内周21㌢+0期,
,アンクレット透_L　内周22㌢,アンクレット透,アンクレットL　内周22㌢,アンクレット透_アンクレットL　内周22㌢,アクセサリー,3900,"¥4,290",1171,"¥2,729",70%,30%,,,0期,アンクレット透_アンクレットL　内周22㌢_0期,アンクレット透_L　内周22㌢+0期,アンクレット透_L　内周22㌢+0期,
,アンクレット透_XL 内周25㌢,アンクレット透,アンクレットXL　内周25㌢,アンクレット透_アンクレットXL　内周25㌢,アクセサリー,3900,"¥4,290",1171,"¥2,729",70%,30%,,,0期,アンクレット透_アンクレットXL　内周25㌢_0期,アンクレット透_XL 内周25㌢+0期,アンクレット透_XL 内周25㌢+0期,
,アンクレット透_S　内周18㌢,アンクレット透,アンクレットS　内周18㌢,アンクレット透_アンクレットS　内周18㌢,アクセサリー,3900,"¥4,290",1366,"¥2,534",65%,35%,,,0.5期,アンクレット透_アンクレットS　内周18㌢_0.5期,アンクレット透_S　内周18㌢+0.5期,アンクレット透_S　内周18㌢+0.5期,
,アンクレット透_M 内周21㌢,アンクレット透,アンクレットM　内周21㌢,アンクレット透_アンクレットM　内周21㌢,アクセサリー,3900,"¥4,290",1366,"¥2,534",65%,35%,,,0.5期,アンクレット透_アンクレットM　内周21㌢_0.5期,アンクレット透_M 内周21㌢+0.5期,アンクレット透_M 内周21㌢+0.5期,
,アンクレット透_L　内周22㌢,アンクレット透,アンクレットL　内周22㌢,アンクレット透_アンクレットL　内周22㌢,アクセサリー,3900,"¥4,290",1366,"¥2,534",65%,35%,,,0.5期,アンクレット透_アンクレットL　内周22㌢_0.5期,アンクレット透_L　内周22㌢+0.5期,アンクレット透_L　内周22㌢+0.5期,
,アンクレット透_XL 内周25㌢,アンクレット透,アンクレットXL　内周25㌢,アンクレット透_アンクレットXL　内周25㌢,アクセサリー,3900,"¥4,290",1366,"¥2,534",65%,35%,,,0.5期,アンクレット透_アンクレットXL　内周25㌢_0.5期,アンクレット透_XL 内周25㌢+0.5期,アンクレット透_XL 内周25㌢+0.5期,
,ジョイント,ジョイント,,ジョイント_,アクセサリー,300,¥330,300,¥0,0%,100%,,,0期,ジョイント__0期,ジョイント+0期,ジョイント+0期,
,ジョイント,ジョイント,,ジョイント_,アクセサリー,300,¥330,300,¥0,0%,100%,,,0.5期,ジョイント__0.5期,ジョイント+0.5期,ジョイント+0.5期,
,スプレー,スプレー,,スプレー_,スプレー/クリーム,3300,"¥3,630",1110,"¥2,190",66%,34%,,,0期,スプレー__0期,スプレー+0期,スプレー+0期,
,スプレー,スプレー,,スプレー_,スプレー/クリーム,3300,"¥3,630",1275,"¥2,025",61%,39%,,,0.5期,スプレー__0.5期,スプレー+0.5期,スプレー+0.5期,
,クリーム,クリーム,,クリーム_,スプレー/クリーム,5000,"¥5,500",1803,"¥3,197",64%,36%,,,0期,クリーム__0期,クリーム+0期,クリーム+0期,
,クリーム,クリーム,,クリーム_,スプレー/クリーム,5000,"¥5,500",2053,"¥2,947",59%,41%,,,0.5期,クリーム__0.5期,クリーム+0.5期,クリーム+0.5期,
,癒しバック,癒しバック,,癒しバック_,その他,4000,"¥4,400",1326,"¥2,674",67%,33%,,,0期,癒しバック__0期,癒しバック+0期,癒しバック+0期,
,癒しバック,癒しバック,,癒しバック_,その他,4000,"¥4,400",1526,"¥2,474",62%,38%,,,0.5期,癒しバック__0.5期,癒しバック+0.5期,癒しバック+0.5期,
,カード,カード,,カード_,その他,5000,"¥5,500",1250,"¥3,750",75%,25%,,,0期,カード__0期,カード+0期,カード+0期,
,カード,カード,,カード_,その他,5000,"¥5,500",1500,"¥3,500",70%,30%,,,0.5期,カード__0.5期,カード+0.5期,カード+0.5期,
,半袖黒_S_大ロゴ入り,半袖,ウエアS,半袖_ウエアS,ウエア,6000,"¥6,600",3024,"¥2,976",50%,50%,,,0期,半袖_ウエアS_0期,半袖黒_S_大ロゴ入り+0期,半袖黒_S_大ロゴ入り+0期,
,半袖黒_S_背面ロゴ,半袖,ウエアS,半袖_ウエアS,ウエア,6000,"¥6,600",3024,"¥2,976",50%,50%,,,0期,半袖_ウエアS_0期,半袖黒_S_背面ロゴ+0期,半袖黒_S_背面ロゴ+0期,
,半袖黒_M_大ロゴ入り,半袖,ウエアM,半袖_ウエアM,ウエア,6000,"¥6,600",3024,"¥2,976",50%,50%,,,0期,半袖_ウエアM_0期,半袖黒_M_大ロゴ入り+0期,半袖黒_M_大ロゴ入り+0期,
,半袖黒_M_背面ロゴ,半袖,ウエアM,半袖_ウエアM,ウエア,6000,"¥6,600",3024,"¥2,976",50%,50%,,,0期,半袖_ウエアM_0期,半袖黒_M_背面ロゴ+0期,半袖黒_M_背面ロゴ+0期,
,半袖黒_L_大ロゴ入り,半袖,ウエアL,半袖_ウエアL,ウエア,6000,"¥6,600",3024,"¥2,976",50%,50%,,,0期,半袖_ウエアL_0期,半袖黒_L_大ロゴ入り+0期,半袖黒_L_大ロゴ入り+0期,
,半袖黒_L_背面ロゴ,半袖,ウエアL,半袖_ウエアL,ウエア,6000,"¥6,600",3024,"¥2,976",50%,50%,,,0期,半袖_ウエアL_0期,半袖黒_L_背面ロゴ+0期,半袖黒_L_背面ロゴ+0期,
,半袖黒_XL_大ロゴ入り,半袖,ウエアXL,半袖_ウエアXL,ウエア,6000,"¥6,600",3024,"¥2,976",50%,50%,,,0期,半袖_ウエアXL_0期,半袖黒_XL_大ロゴ入り+0期,半袖黒_XL_大ロゴ入り+0期,
,半袖黒_XL_背面ロゴ,半袖,ウエアXL,半袖_ウエアXL,ウエア,6000,"¥6,600",3024,"¥2,976",50%,50%,,,0期,半袖_ウエアXL_0期,半袖黒_XL_背面ロゴ+0期,半袖黒_XL_背面ロゴ+0期,
,半袖白_S_大ロゴ入り,半袖,,半袖_,ウエア,6000,"¥6,600",3024,"¥2,976",50%,50%,,,0期,半袖__0期,半袖白_S_大ロゴ入り+0期,半袖白_S_大ロゴ入り+0期,
,半袖白_S_背面ロゴ,半袖,,半袖_,ウエア,6000,"¥6,600",3024,"¥2,976",50%,50%,,,0期,半袖__0期,半袖白_S_背面ロゴ+0期,半袖白_S_背面ロゴ+0期,
,半袖白_M_大ロゴ入り,半袖,,半袖_,ウエア,6000,"¥6,600",3024,"¥2,976",50%,50%,,,0期,半袖__0期,半袖白_M_大ロゴ入り+0期,半袖白_M_大ロゴ入り+0期,
,半袖白_M_背面ロゴ,半袖,,半袖_,ウエア,6000,"¥6,600",3024,"¥2,976",50%,50%,,,0期,半袖__0期,半袖白_M_背面ロゴ+0期,半袖白_M_背面ロゴ+0期,
,半袖白_L_大ロゴ入り,半袖,,半袖_,ウエア,6000,"¥6,600",3024,"¥2,976",50%,50%,,,0期,半袖__0期,半袖白_L_大ロゴ入り+0期,半袖白_L_大ロゴ入り+0期,
,半袖白_L_背面ロゴ,半袖,,半袖_,ウエア,6000,"¥6,600",3024,"¥2,976",50%,50%,,,0期,半袖__0期,半袖白_L_背面ロゴ+0期,半袖白_L_背面ロゴ+0期,
,半袖白_XL_大ロゴ入り,半袖,,半袖_,ウエア,6000,"¥6,600",3024,"¥2,976",50%,50%,,,0期,半袖__0期,半袖白_XL_大ロゴ入り+0期,半袖白_XL_大ロゴ入り+0期,
,半袖白_XL_背面ロゴ,半袖,,半袖_,ウエア,6000,"¥6,600",3024,"¥2,976",50%,50%,,,0期,半袖__0期,半袖白_XL_背面ロゴ+0期,半袖白_XL_背面ロゴ+0期,
,半袖黒_S_大ロゴ入り,半袖,ウエアS,半袖_ウエアS,ウエア,6000,"¥6,600",3324,"¥2,676",45%,55%,,,0.5期,半袖_ウエアS_0.5期,半袖黒_S_大ロゴ入り+0.5期,半袖黒_S_大ロゴ入り+0.5期,
,半袖黒_M_大ロゴ入り,半袖,ウエアM,半袖_ウエアM,ウエア,6000,"¥6,600",3324,"¥2,676",45%,55%,,,0.5期,半袖_ウエアM_0.5期,半袖黒_M_大ロゴ入り+0.5期,半袖黒_M_大ロゴ入り+0.5期,
,半袖黒_L_大ロゴ入り,半袖,ウエアL,半袖_ウエアL,ウエア,6000,"¥6,600",3324,"¥2,676",45%,55%,,,0.5期,半袖_ウエアL_0.5期,半袖黒_L_大ロゴ入り+0.5期,半袖黒_L_大ロゴ入り+0.5期,
,半袖黒_XL_大ロゴ入り,半袖,ウエアXL,半袖_ウエアXL,ウエア,6000,"¥6,600",3324,"¥2,676",45%,55%,,,0.5期,半袖_ウエアXL_0.5期,半袖黒_XL_大ロゴ入り+0.5期,半袖黒_XL_大ロゴ入り+0.5期,
,半袖黒_S_背面ロゴ,半袖,,半袖_,ウエア,6000,"¥6,600",3324,"¥2,676",45%,55%,,,0.5期,半袖__0.5期,半袖黒_S_背面ロゴ+0.5期,半袖黒_S_背面ロゴ+0.5期,
,半袖黒_M_背面ロゴ,半袖,,半袖_,ウエア,6000,"¥6,600",3324,"¥2,676",45%,55%,,,0.5期,半袖__0.5期,半袖黒_M_背面ロゴ+0.5期,半袖黒_M_背面ロゴ+0.5期,
,半袖黒_L_背面ロゴ,半袖,,半袖_,ウエア,6000,"¥6,600",3324,"¥2,676",45%,55%,,,0.5期,半袖__0.5期,半袖黒_L_背面ロゴ+0.5期,半袖黒_L_背面ロゴ+0.5期,
,半袖黒_XL_背面ロゴ,半袖,,半袖_,ウエア,6000,"¥6,600",3324,"¥2,676",45%,55%,,,0.5期,半袖__0.5期,半袖黒_XL_背面ロゴ+0.5期,半袖黒_XL_背面ロゴ+0.5期,
,半袖白_S_大ロゴ入り,半袖,,半袖_,ウエア,6000,"¥6,600",3324,"¥2,676",45%,55%,,,0.5期,半袖__0.5期,半袖白_S_大ロゴ入り+0.5期,半袖白_S_大ロゴ入り+0.5期,
,半袖白_S_背面ロゴ,半袖,,半袖_,ウエア,6000,"¥6,600",3324,"¥2,676",45%,55%,,,0.5期,半袖__0.5期,半袖白_S_背面ロゴ+0.5期,半袖白_S_背面ロゴ+0.5期,
,半袖白_M_大ロゴ入り,半袖,,半袖_,ウエア,6000,"¥6,600",3324,"¥2,676",45%,55%,,,0.5期,半袖__0.5期,半袖白_M_大ロゴ入り+0.5期,半袖白_M_大ロゴ入り+0.5期,
,半袖白_M_背面ロゴ,半袖,,半袖_,ウエア,6000,"¥6,600",3324,"¥2,676",45%,55%,,,0.5期,半袖__0.5期,半袖白_M_背面ロゴ+0.5期,半袖白_M_背面ロゴ+0.5期,
,半袖白_L_大ロゴ入り,半袖,,半袖_,ウエア,6000,"¥6,600",3324,"¥2,676",45%,55%,,,0.5期,半袖__0.5期,半袖白_L_大ロゴ入り+0.5期,半袖白_L_大ロゴ入り+0.5期,
,半袖白_L_背面ロゴ,半袖,,半袖_,ウエア,6000,"¥6,600",3324,"¥2,676",45%,55%,,,0.5期,半袖__0.5期,半袖白_L_背面ロゴ+0.5期,半袖白_L_背面ロゴ+0.5期,
,半袖白_XL_大ロゴ入り,半袖,,半袖_,ウエア,6000,"¥6,600",3324,"¥2,676",45%,55%,,,0.5期,半袖__0.5期,半袖白_XL_大ロゴ入り+0.5期,半袖白_XL_大ロゴ入り+0.5期,
,半袖白_XL_背面ロゴ,半袖,,半袖_,ウエア,6000,"¥6,600",3324,"¥2,676",45%,55%,,,0.5期,半袖__0.5期,半袖白_XL_背面ロゴ+0.5期,半袖白_XL_背面ロゴ+0.5期,
,長袖黒_S_大ロゴ入り,長袖,ウエアS,長袖_ウエアS,ウエア,6200,"¥6,820",3222,"¥2,978",48%,52%,,,0期,長袖_ウエアS_0期,長袖黒_S_大ロゴ入り+0期,長袖黒_S_大ロゴ入り+0期,
,長袖黒_S_背面ロゴ,長袖,ウエアS,長袖_ウエアS,ウエア,6200,"¥6,820",3222,"¥2,978",48%,52%,,,0期,長袖_ウエアS_0期,長袖黒_S_背面ロゴ+0期,長袖黒_S_背面ロゴ+0期,
,長袖黒_M_大ロゴ入り,長袖,ウエアM,長袖_ウエアM,ウエア,6200,"¥6,820",3222,"¥2,978",48%,52%,,,0期,長袖_ウエアM_0期,長袖黒_M_大ロゴ入り+0期,長袖黒_M_大ロゴ入り+0期,
,長袖黒_M_背面ロゴ,長袖,ウエアM,長袖_ウエアM,ウエア,6200,"¥6,820",3222,"¥2,978",48%,52%,,,0期,長袖_ウエアM_0期,長袖黒_M_背面ロゴ+0期,長袖黒_M_背面ロゴ+0期,
,長袖黒_L_大ロゴ入り,長袖,ウエアL,長袖_ウエアL,ウエア,6200,"¥6,820",3222,"¥2,978",48%,52%,,,0期,長袖_ウエアL_0期,長袖黒_L_大ロゴ入り+0期,長袖黒_L_大ロゴ入り+0期,
,長袖黒_L_背面ロゴ,長袖,ウエアL,長袖_ウエアL,ウエア,6200,"¥6,820",3222,"¥2,978",48%,52%,,,0期,長袖_ウエアL_0期,長袖黒_L_背面ロゴ+0期,長袖黒_L_背面ロゴ+0期,
,長袖黒_XL_大ロゴ入り,長袖,ウエアXL,長袖_ウエアXL,ウエア,6200,"¥6,820",3222,"¥2,978",48%,52%,,,0期,長袖_ウエアXL_0期,長袖黒_XL_大ロゴ入り+0期,長袖黒_XL_大ロゴ入り+0期,
,長袖黒_XL_背面ロゴ,長袖,ウエアXL,長袖_ウエアXL,ウエア,6200,"¥6,820",3222,"¥2,978",48%,52%,,,0期,長袖_ウエアXL_0期,長袖黒_XL_背面ロゴ+0期,長袖黒_XL_背面ロゴ+0期,
,長袖白_S_大ロゴ入り,長袖,,長袖_,ウエア,6200,"¥6,820",3222,"¥2,978",48%,52%,,,0期,長袖__0期,長袖白_S_大ロゴ入り+0期,長袖白_S_大ロゴ入り+0期,
,長袖白_S_背面ロゴ,長袖,,長袖_,ウエア,6200,"¥6,820",3222,"¥2,978",48%,52%,,,0期,長袖__0期,長袖白_S_背面ロゴ+0期,長袖白_S_背面ロゴ+0期,
,長袖白_M_大ロゴ入り,長袖,,長袖_,ウエア,6200,"¥6,820",3222,"¥2,978",48%,52%,,,0期,長袖__0期,長袖白_M_大ロゴ入り+0期,長袖白_M_大ロゴ入り+0期,
,長袖白_M_背面ロゴ,長袖,,長袖_,ウエア,6200,"¥6,820",3222,"¥2,978",48%,52%,,,0期,長袖__0期,長袖白_M_背面ロゴ+0期,長袖白_M_背面ロゴ+0期,
,長袖白_L_大ロゴ入り,長袖,,長袖_,ウエア,6200,"¥6,820",3222,"¥2,978",48%,52%,,,0期,長袖__0期,長袖白_L_大ロゴ入り+0期,長袖白_L_大ロゴ入り+0期,
,長袖白_L_背面ロゴ,長袖,,長袖_,ウエア,6200,"¥6,820",3222,"¥2,978",48%,52%,,,0期,長袖__0期,長袖白_L_背面ロゴ+0期,長袖白_L_背面ロゴ+0期,
,長袖白_XL_大ロゴ入り,長袖,,長袖_,ウエア,6200,"¥6,820",3222,"¥2,978",48%,52%,,,0期,長袖__0期,長袖白_XL_大ロゴ入り+0期,長袖白_XL_大ロゴ入り+0期,
,長袖白_XL_背面ロゴ,長袖,,長袖_,ウエア,6200,"¥6,820",3222,"¥2,978",48%,52%,,,0期,長袖__0期,長袖白_XL_背面ロゴ+0期,長袖白_XL_背面ロゴ+0期,
,長袖黒_S_大ロゴ入り,長袖,ウエアS,長袖_ウエアS,ウエア,6200,"¥6,820",3532,"¥2,668",43%,57%,,,0.5期,長袖_ウエアS_0.5期,長袖黒_S_大ロゴ入り+0.5期,長袖黒_S_大ロゴ入り+0.5期,
,長袖黒_M_大ロゴ入り,長袖,ウエアM,長袖_ウエアM,ウエア,6200,"¥6,820",3532,"¥2,668",43%,57%,,,0.5期,長袖_ウエアM_0.5期,長袖黒_M_大ロゴ入り+0.5期,長袖黒_M_大ロゴ入り+0.5期,
,長袖黒_L_大ロゴ入り,長袖,ウエアL,長袖_ウエアL,ウエア,6200,"¥6,820",3532,"¥2,668",43%,57%,,,0.5期,長袖_ウエアL_0.5期,長袖黒_L_大ロゴ入り+0.5期,長袖黒_L_大ロゴ入り+0.5期,
,長袖黒_XL_大ロゴ入り,長袖,ウエアXL,長袖_ウエアXL,ウエア,6200,"¥6,820",3532,"¥2,668",43%,57%,,,0.5期,長袖_ウエアXL_0.5期,長袖黒_XL_大ロゴ入り+0.5期,長袖黒_XL_大ロゴ入り+0.5期,
,長袖黒_S_背面ロゴ,長袖,,長袖_,ウエア,6200,"¥6,820",3532,"¥2,668",43%,57%,,,0.5期,長袖__0.5期,長袖黒_S_背面ロゴ+0.5期,長袖黒_S_背面ロゴ+0.5期,
,長袖黒_M_背面ロゴ,長袖,,長袖_,ウエア,6200,"¥6,820",3532,"¥2,668",43%,57%,,,0.5期,長袖__0.5期,長袖黒_M_背面ロゴ+0.5期,長袖黒_M_背面ロゴ+0.5期,
,長袖黒_L_背面ロゴ,長袖,,長袖_,ウエア,6200,"¥6,820",3532,"¥2,668",43%,57%,,,0.5期,長袖__0.5期,長袖黒_L_背面ロゴ+0.5期,長袖黒_L_背面ロゴ+0.5期,
,長袖黒_XL_背面ロゴ,長袖,,長袖_,ウエア,6200,"¥6,820",3532,"¥2,668",43%,57%,,,0.5期,長袖__0.5期,長袖黒_XL_背面ロゴ+0.5期,長袖黒_XL_背面ロゴ+0.5期,
,長袖白_S_大ロゴ入り,長袖,,長袖_,ウエア,6200,"¥6,820",3532,"¥2,668",43%,57%,,,0.5期,長袖__0.5期,長袖白_S_大ロゴ入り+0.5期,長袖白_S_大ロゴ入り+0.5期,
,長袖白_S_背面ロゴ,長袖,,長袖_,ウエア,6200,"¥6,820",3532,"¥2,668",43%,57%,,,0.5期,長袖__0.5期,長袖白_S_背面ロゴ+0.5期,長袖白_S_背面ロゴ+0.5期,
,長袖白_M_大ロゴ入り,長袖,,長袖_,ウエア,6200,"¥6,820",3532,"¥2,668",43%,57%,,,0.5期,長袖__0.5期,長袖白_M_大ロゴ入り+0.5期,長袖白_M_大ロゴ入り+0.5期,
,長袖白_M_背面ロゴ,長袖,,長袖_,ウエア,6200,"¥6,820",3532,"¥2,668",43%,57%,,,0.5期,長袖__0.5期,長袖白_M_背面ロゴ+0.5期,長袖白_M_背面ロゴ+0.5期,
,長袖白_L_大ロゴ入り,長袖,,長袖_,ウエア,6200,"¥6,820",3532,"¥2,668",43%,57%,,,0.5期,長袖__0.5期,長袖白_L_大ロゴ入り+0.5期,長袖白_L_大ロゴ入り+0.5期,
,長袖白_L_背面ロゴ,長袖,,長袖_,ウエア,6200,"¥6,820",3532,"¥2,668",43%,57%,,,0.5期,長袖__0.5期,長袖白_L_背面ロゴ+0.5期,長袖白_L_背面ロゴ+0.5期,
,長袖白_XL_大ロゴ入り,長袖,,長袖_,ウエア,6200,"¥6,820",3532,"¥2,668",43%,57%,,,0.5期,長袖__0.5期,長袖白_XL_大ロゴ入り+0.5期,長袖白_XL_大ロゴ入り+0.5期,
,長袖白_XL_背面ロゴ,長袖,,長袖_,ウエア,6200,"¥6,820",3532,"¥2,668",43%,57%,,,0.5期,長袖__0.5期,長袖白_XL_背面ロゴ+0.5期,長袖白_XL_背面ロゴ+0.5期,
,アンダー半_S,アンダー半,ウエアS,アンダー半_ウエアS,ウエア,6000,"¥6,600",3174,"¥2,826",47%,53%,,,0期,アンダー半_ウエアS_0期,アンダー半_S+0期,アンダー半_S+0期,
,アンダー半_M,アンダー半,ウエアM,アンダー半_ウエアM,ウエア,6000,"¥6,600",3174,"¥2,826",47%,53%,,,0期,アンダー半_ウエアM_0期,アンダー半_M+0期,アンダー半_M+0期,
,アンダー半_L,アンダー半,ウエアL,アンダー半_ウエアL,ウエア,6000,"¥6,600",3174,"¥2,826",47%,53%,,,0期,アンダー半_ウエアL_0期,アンダー半_L+0期,アンダー半_L+0期,
,アンダー半_XL,アンダー半,ウエアXL,アンダー半_ウエアXL,ウエア,6000,"¥6,600",3174,"¥2,826",47%,53%,,,0期,アンダー半_ウエアXL_0期,アンダー半_XL+0期,アンダー半_XL+0期,
,アンダー半_S,アンダー半,ウエアS,アンダー半_ウエアS,ウエア,6000,"¥6,600",3474,"¥2,526",42%,58%,,,0.5期,アンダー半_ウエアS_0.5期,アンダー半_S+0.5期,アンダー半_S+0.5期,
,アンダー半_M,アンダー半,ウエアM,アンダー半_ウエアM,ウエア,6000,"¥6,600",3474,"¥2,526",42%,58%,,,0.5期,アンダー半_ウエアM_0.5期,アンダー半_M+0.5期,アンダー半_M+0.5期,
,アンダー半_L,アンダー半,ウエアL,アンダー半_ウエアL,ウエア,6000,"¥6,600",3474,"¥2,526",42%,58%,,,0.5期,アンダー半_ウエアL_0.5期,アンダー半_L+0.5期,アンダー半_L+0.5期,
,アンダー半_XL,アンダー半,ウエアXL,アンダー半_ウエアXL,ウエア,6000,"¥6,600",3474,"¥2,526",42%,58%,,,0.5期,アンダー半_ウエアXL_0.5期,アンダー半_XL+0.5期,アンダー半_XL+0.5期,
,アンダー長_S,アンダー長,ウエアS,アンダー長_ウエアS,ウエア,6200,"¥6,820",3372,"¥2,828",46%,54%,,,0期,アンダー長_ウエアS_0期,アンダー長_S+0期,アンダー長_S+0期,
,アンダー長_M,アンダー長,ウエアM,アンダー長_ウエアM,ウエア,6200,"¥6,820",3372,"¥2,828",46%,54%,,,0期,アンダー長_ウエアM_0期,アンダー長_M+0期,アンダー長_M+0期,
,アンダー長_L,アンダー長,ウエアL,アンダー長_ウエアL,ウエア,6200,"¥6,820",3372,"¥2,828",46%,54%,,,0期,アンダー長_ウエアL_0期,アンダー長_L+0期,アンダー長_L+0期,
,アンダー長_XL,アンダー長,ウエアXL,アンダー長_ウエアXL,ウエア,6200,"¥6,820",3372,"¥2,828",46%,54%,,,0期,アンダー長_ウエアXL_0期,アンダー長_XL+0期,アンダー長_XL+0期,
,アンダー長_S,アンダー長,ウエアS,アンダー長_ウエアS,ウエア,6200,"¥6,820",3682,"¥2,518",41%,59%,,,0.5期,アンダー長_ウエアS_0.5期,アンダー長_S+0.5期,アンダー長_S+0.5期,
,アンダー長_M,アンダー長,ウエアM,アンダー長_ウエアM,ウエア,6200,"¥6,820",3682,"¥2,518",41%,59%,,,0.5期,アンダー長_ウエアM_0.5期,アンダー長_M+0.5期,アンダー長_M+0.5期,
,アンダー長_L,アンダー長,ウエアL,アンダー長_ウエアL,ウエア,6200,"¥6,820",3682,"¥2,518",41%,59%,,,0.5期,アンダー長_ウエアL_0.5期,アンダー長_L+0.5期,アンダー長_L+0.5期,
,アンダー長_XL,アンダー長,ウエアXL,アンダー長_ウエアXL,ウエア,6200,"¥6,820",3682,"¥2,518",41%,59%,,,0.5期,アンダー長_ウエアXL_0.5期,アンダー長_XL+0.5期,アンダー長_XL+0.5期,
,アームカバー,アームカバー,,アームカバー_,ウエア,3600,"¥3,960",1910,"¥1,690",47%,53%,,,0期,アームカバー__0期,アームカバー+0期,アームカバー+0期,
,アームカバー紺_S,アームカバー,,アームカバー_,ウエア,3600,"¥3,960",1910,"¥1,690",47%,53%,,,0期,アームカバー__0期,アームカバー紺_S+0期,アームカバー紺_S+0期,
,アームカバー紺_M,アームカバー,,アームカバー_,ウエア,3600,"¥3,960",1910,"¥1,690",47%,53%,,,0期,アームカバー__0期,アームカバー紺_M+0期,アームカバー紺_M+0期,
,アームカバー紺_L,アームカバー,,アームカバー_,ウエア,3600,"¥3,960",1910,"¥1,690",47%,53%,,,0期,アームカバー__0期,アームカバー紺_L+0期,アームカバー紺_L+0期,
,アームカバー紺_XL,アームカバー,,アームカバー_,ウエア,3600,"¥3,960",1910,"¥1,690",47%,53%,,,0期,アームカバー__0期,アームカバー紺_XL+0期,アームカバー紺_XL+0期,
,アームカバー,アームカバー,,アームカバー_,ウエア,3600,"¥3,960",2090,"¥1,510",42%,58%,,,0.5期,アームカバー__0.5期,アームカバー+0.5期,アームカバー+0.5期,
,アームカバー紺_S,アームカバー,,アームカバー_,ウエア,3600,"¥3,960",2090,"¥1,510",42%,58%,,,0.5期,アームカバー__0.5期,アームカバー紺_S+0.5期,アームカバー紺_S+0.5期,
,アームカバー紺_M,アームカバー,,アームカバー_,ウエア,3600,"¥3,960",2090,"¥1,510",42%,58%,,,0.5期,アームカバー__0.5期,アームカバー紺_M+0.5期,アームカバー紺_M+0.5期,
,アームカバー紺_L,アームカバー,,アームカバー_,ウエア,3600,"¥3,960",2090,"¥1,510",42%,58%,,,0.5期,アームカバー__0.5期,アームカバー紺_L+0.5期,アームカバー紺_L+0.5期,
,アームカバー紺_XL,アームカバー,,アームカバー_,ウエア,3600,"¥3,960",2090,"¥1,510",42%,58%,,,0.5期,アームカバー__0.5期,アームカバー紺_XL+0.5期,アームカバー紺_XL+0.5期,
,レッグカバー,レッグカバー,,レッグカバー_,ウエア,3600,"¥3,960",1910,"¥1,690",47%,53%,,,0期,レッグカバー__0期,レッグカバー+0期,レッグカバー+0期,
,レッグカバー紺_S,レッグカバー,,レッグカバー_,ウエア,3600,"¥3,960",1910,"¥1,690",47%,53%,,,0期,レッグカバー__0期,レッグカバー紺_S+0期,レッグカバー紺_S+0期,
,レッグカバー紺_M,レッグカバー,,レッグカバー_,ウエア,3600,"¥3,960",1910,"¥1,690",47%,53%,,,0期,レッグカバー__0期,レッグカバー紺_M+0期,レッグカバー紺_M+0期,
,レッグカバー紺_L,レッグカバー,,レッグカバー_,ウエア,3600,"¥3,960",1910,"¥1,690",47%,53%,,,0期,レッグカバー__0期,レッグカバー紺_L+0期,レッグカバー紺_L+0期,
,レッグカバー紺_XL,レッグカバー,,レッグカバー_,ウエア,3600,"¥3,960",1910,"¥1,690",47%,53%,,,0期,レッグカバー__0期,レッグカバー紺_XL+0期,レッグカバー紺_XL+0期,
,レッグカバー,レッグカバー,,レッグカバー_,ウエア,3600,"¥3,960",2090,"¥1,510",42%,58%,,,0.5期,レッグカバー__0.5期,レッグカバー+0.5期,レッグカバー+0.5期,
,レッグカバー紺_S,レッグカバー,,レッグカバー_,ウエア,3600,"¥3,960",2090,"¥1,510",42%,58%,,,0.5期,レッグカバー__0.5期,レッグカバー紺_S+0.5期,レッグカバー紺_S+0.5期,
,レッグカバー紺_M,レッグカバー,,レッグカバー_,ウエア,3600,"¥3,960",2090,"¥1,510",42%,58%,,,0.5期,レッグカバー__0.5期,レッグカバー紺_M+0.5期,レッグカバー紺_M+0.5期,
,レッグカバー紺_L,レッグカバー,,レッグカバー_,ウエア,3600,"¥3,960",2090,"¥1,510",42%,58%,,,0.5期,レッグカバー__0.5期,レッグカバー紺_L+0.5期,レッグカバー紺_L+0.5期,
,レッグカバー紺_XL,レッグカバー,,レッグカバー_,ウエア,3600,"¥3,960",2090,"¥1,510",42%,58%,,,0.5期,レッグカバー__0.5期,レッグカバー紺_XL+0.5期,レッグカバー紺_XL+0.5期,
,アイマスク,アイマスク,,アイマスク_,その他,3600,"¥3,960",1280,"¥2,320",64%,36%,,,0期,アイマスク__0期,アイマスク+0期,アイマスク+0期,
,アイマスク,アイマスク,,アイマスク_,その他,3600,"¥3,960",1460,"¥2,140",59%,41%,,,0.5期,アイマスク__0.5期,アイマスク+0.5期,アイマスク+0.5期,
,女_アンダーシャツ黒_M,女　アンダーシャツ,ウエアM,女　アンダーシャツ_ウエアM,ウエア,6200,"¥6,820",3372,"¥2,828",46%,54%,,,0期,女　アンダーシャツ_ウエアM_0期,女_アンダーシャツ黒_M+0期,女_アンダーシャツ黒_M+0期,
,女_アンダーシャツ黒_L,女　アンダーシャツ,ウエアL,女　アンダーシャツ_ウエアL,ウエア,6200,"¥6,820",3372,"¥2,828",46%,54%,,,0期,女　アンダーシャツ_ウエアL_0期,女_アンダーシャツ黒_L+0期,女_アンダーシャツ黒_L+0期,
,女_アンダーシャツ白_M,女　アンダーシャツ,,女　アンダーシャツ_,ウエア,6200,"¥6,820",3372,"¥2,828",46%,54%,,,0期,女　アンダーシャツ__0期,女_アンダーシャツ白_M+0期,女_アンダーシャツ白_M+0期,
,女_アンダーシャツ白_L,女　アンダーシャツ,,女　アンダーシャツ_,ウエア,6200,"¥6,820",3372,"¥2,828",46%,54%,,,0期,女　アンダーシャツ__0期,女_アンダーシャツ白_L+0期,女_アンダーシャツ白_L+0期,
,女_アンダーシャツ黒_M,女　アンダーシャツ,ウエアM,女　アンダーシャツ_ウエアM,ウエア,6200,"¥6,820",3682,"¥2,518",41%,59%,,,0.5期,女　アンダーシャツ_ウエアM_0.5期,女_アンダーシャツ黒_M+0.5期,女_アンダーシャツ黒_M+0.5期,
,女_アンダーシャツ黒_L,女　アンダーシャツ,ウエアL,女　アンダーシャツ_ウエアL,ウエア,6200,"¥6,820",3682,"¥2,518",41%,59%,,,0.5期,女　アンダーシャツ_ウエアL_0.5期,女_アンダーシャツ黒_L+0.5期,女_アンダーシャツ黒_L+0.5期,
,女_アンダーシャツ白_M,女　アンダーシャツ,,女　アンダーシャツ_,ウエア,6200,"¥6,820",3682,"¥2,518",41%,59%,,,0.5期,女　アンダーシャツ__0.5期,女_アンダーシャツ白_M+0.5期,女_アンダーシャツ白_M+0.5期,
,女_アンダーシャツ白_L,女　アンダーシャツ,,女　アンダーシャツ_,ウエア,6200,"¥6,820",3682,"¥2,518",41%,59%,,,0.5期,女　アンダーシャツ__0.5期,女_アンダーシャツ白_L+0.5期,女_アンダーシャツ白_L+0.5期,
,女_レッグ黒_M,女　レッグ,ウエアM,女　レッグ_ウエアM,ウエア,3600,"¥3,960",1910,"¥1,690",47%,53%,,,0期,女　レッグ_ウエアM_0期,女_レッグ黒_M+0期,女_レッグ黒_M+0期,
,女_レッグ白_M,女　レッグ,ウエアM,女　レッグ_ウエアM,ウエア,3600,"¥3,960",1910,"¥1,690",47%,53%,,,0期,女　レッグ_ウエアM_0期,女_レッグ白_M+0期,女_レッグ白_M+0期,
,女_レッグ黒_L,女　レッグ,ウエアL,女　レッグ_ウエアL,ウエア,3600,"¥3,960",1910,"¥1,690",47%,53%,,,0期,女　レッグ_ウエアL_0期,女_レッグ黒_L+0期,女_レッグ黒_L+0期,
,女_レッグ白_L,女　レッグ,ウエアL,女　レッグ_ウエアL,ウエア,3600,"¥3,960",1910,"¥1,690",47%,53%,,,0期,女　レッグ_ウエアL_0期,女_レッグ白_L+0期,女_レッグ白_L+0期,
,女_レッグ黒_M,女　レッグ,ウエアM,女　レッグ_ウエアM,ウエア,3600,"¥3,960",2090,"¥1,510",42%,58%,,,0.5期,女　レッグ_ウエアM_0.5期,女_レッグ黒_M+0.5期,女_レッグ黒_M+0.5期,
,女_レッグ白_M,女　レッグ,ウエアM,女　レッグ_ウエアM,ウエア,3600,"¥3,960",2090,"¥1,510",42%,58%,,,0.5期,女　レッグ_ウエアM_0.5期,女_レッグ白_M+0.5期,女_レッグ白_M+0.5期,
,女_レッグ黒_L,女　レッグ,ウエアL,女　レッグ_ウエアL,ウエア,3600,"¥3,960",2090,"¥1,510",42%,58%,,,0.5期,女　レッグ_ウエアL_0.5期,女_レッグ黒_L+0.5期,女_レッグ黒_L+0.5期,
,女_レッグ白_L,女　レッグ,ウエアL,女　レッグ_ウエアL,ウエア,3600,"¥3,960",2090,"¥1,510",42%,58%,,,0.5期,女　レッグ_ウエアL_0.5期,女_レッグ白_L+0.5期,女_レッグ白_L+0.5期,
,ペット 14cm~30cm_,ペット 14cm~30cm,,ペット 14cm~30cm_,ペット,5000,"¥5,500",1494,"¥3,506",70%,30%,,,0期,ペット 14cm~30cm__0期,ペット 14cm~30cm_+0期,ペット 14cm~30cm_+0期,
,ペット 14cm~30cm_,ペット 14cm~30cm,,ペット 14cm~30cm_,ペット,5000,"¥5,500",1744,"¥3,256",65%,35%,,,0.5期,ペット 14cm~30cm__0.5期,ペット 14cm~30cm_+0.5期,ペット 14cm~30cm_+0.5期,
,ペット 31cm~,ペット 31cm~,,ペット 31cm~_,ペット,6000,"¥6,600",1794,"¥4,206",70%,30%,,,0期,ペット 31cm~__0期,ペット 31cm~+0期,ペット 31cm~+0期,
,ペット 31cm~,ペット 31cm~,,ペット 31cm~_,ペット,6000,"¥6,600",2094,"¥3,906",65%,35%,,,0.5期,ペット 31cm~__0.5期,ペット 31cm~+0.5期,ペット 31cm~+0.5期,
,ペットスプレー,ペットスプレー,,ペットスプレー_,ペット,4400,"¥4,840",1220,"¥3,180",72%,28%,,,0期,ペットスプレー__0期,ペットスプレー+0期,ペットスプレー+0期,
,ペットスプレー,ペットスプレー,,ペットスプレー_,ペット,4400,"¥4,840",1440,"¥2,960",67%,33%,,,0.5期,ペットスプレー__0.5期,ペットスプレー+0.5期,ペットスプレー+0.5期,
,コーティング,コーティング,,コーティング_,コーティング剤,150000,"¥165,000",34885,"¥115,115",77%,23%,,,0期,コーティング__0期,コーティング+0期,コーティング+0期,
,コーティング,コーティング,,コーティング_,コーティング剤,150000,"¥165,000",42385,"¥107,615",72%,28%,,,0.5期,コーティング__0.5期,コーティング+0.5期,コーティング+0.5期,
,紙コップ20個入り,紙コップ20個入り,,紙コップ20個入り_,その他,4400,"¥4,840",1531,"¥2,869",65%,35%,,,0期,紙コップ20個入り__0期,紙コップ20個入り+0期,紙コップ20個入り+0期,
,紙コップ20個入り,紙コップ20個入り,,紙コップ20個入り_,その他,4400,"¥4,840",1731,"¥2,669",61%,39%,,,0.5期,紙コップ20個入り__0.5期,紙コップ20個入り+0.5期,紙コップ20個入り+0.5期,
,玉澤スプレー,玉澤スプレー,,玉澤スプレー_,その他,3000,"¥3,300",2310,¥690,23%,77%,,,0期,玉澤スプレー__0期,玉澤スプレー+0期,玉澤スプレー+0期,
,玉澤スプレー,玉澤スプレー,,玉澤スプレー_,その他,3000,"¥3,300",2310,¥690,23%,77%,,,0.5期,玉澤スプレー__0.5期,玉澤スプレー+0.5期,玉澤スプレー+0.5期,
